index,rank,ur_id,pr_id,similarity_score,create_date,pull_request_date,latest_release_date,user_review,pull_request,url,author,label,relevance
0,1,0218a060-34d4-414a-a522-f2418509555f,PR_kwDOJuLXw86paFAa,0.2939755320549011,2025-08-30 10:06:22,2025-09-19 02:48:34,,"Fantastic app, runs super well. Now supports PieFed as well which is awesome! no ads. It's great!","fix(piefed): mark mentions read, save comments, view saved posts/comments Resolves #2135, #2134 issue_#2135: PieFed: error when marking PieFed mention as read [Describe the bug] This issue was originally reported in the Voyager Matrix chat by someone else, but I recreated it. I'm not able to mark a PieFed mention as read/unread. Clicking on it initially pops up a toast that says ""Failed to mark item as read"". It seems any mentions from Lemmy/PieFed/Mbin are all unable to be marked as read/unread. [To Reproduce] Steps to reproduce the behavior: [Expected behavior] App should be able to mark the mention as read [Additional context] You're using https://piefed.social/api/alpha/mention/mark_as_read when you should be using https://piefed.social/api/alpha/comment/mark_as_read to handle replies. issue_#2134: PieFed: error when saving comments [Describe the bug] When logged in to a piefed (.social specifically) account I'm unable to save/bookmark comments. App gives me a ""failed to mark item as saved"" error message [To Reproduce] Steps to reproduce the behavior: [Expected behavior] Commend would be saved and visible in my saved items.",https://github.com/aeharding/voyager/pull/2137,aeharding,0,high
1,1,0d790c1c-0c02-4cee-9f5e-257b7d98f5ce,PR_kwDOJuLXw86b_FUE,0.2617013454437256,2025-02-16 05:07:10,2025-06-25 05:28:10,,"When I go to create an account, it just says 'invalid password', but doesn't tell me the password requirements. I don't know if this is a Lemmy thing or an issue with the App, but stuff like this is why federated internet will never take off. Can't even create an account.",fix(piefed): login fails zod validation nan,https://github.com/aeharding/voyager/pull/2062,aeharding,0,medium
3,1,16597703-ac77-4612-b5b6-f0173f994901,PR_kwDOJuLXw85_WtUP,0.3717406392097473,2024-08-04 01:22:37,2024-10-21 17:28:52,,Mods are literally worse than reddit. got a shadow ban for voicing my opinion in regards to some financial policy.,"Fix user ban with expiration Resolves #1494 issue_#1494: Mod tools temporary ban with remove content doesn't work [Describe the bug] As a mod, I tried temporarily banning a user (banning them for 14 days) and removing their content. It didn't work. [Expected behavior] The user should be banned for 14 days and their content removed.",https://github.com/aeharding/voyager/pull/1629,aeharding,0,medium
4,1,27ab92c9-e8f3-4430-a5df-984528bdf7d0,PR_kwDOJuLXw85h8t3W,0.585323691368103,2023-11-06 04:33:08,2023-12-14 00:39:03,,Cannot open lemmy links :'(,"Fix certain community autolinks, add lemmy user autolinks Resolves #1079 issue_#1079: Certain community links are not parsing properly See: https://lemmy.world/post/9538637?scrollToComments=true",https://github.com/aeharding/voyager/pull/1080,aeharding,0,high
5,2,27ab92c9-e8f3-4430-a5df-984528bdf7d0,PR_kwDOJuLXw85rxuNs,0.5373610854148865,2023-11-06 04:33:08,2024-04-05 01:11:22,,Cannot open lemmy links :'(,Force crossposts to be resolved as lemmy links This can help with new instances,https://github.com/aeharding/voyager/pull/1391,aeharding,0,medium
6,1,2d18eced-0f51-4fd5-84b3-2e1e42b28372,PR_kwDOJuLXw86LgJlW,0.44012054800987244,2024-08-05 20:03:11,2025-02-17 19:24:55,,"-Downloaded pictures don't have their own folder, are instead dumped into the pictures folder. -Gives an error when posting (image posts, don't know about text or video ones) -Downvotes don't seem to work for some reason? Thank devs for custom themes",fix: broken post markdown images after uploading post image repro:,https://github.com/aeharding/voyager/pull/1856,aeharding,0,high
7,2,2d18eced-0f51-4fd5-84b3-2e1e42b28372,PR_kwDOJuLXw86blgkE,0.42901548743247986,2024-08-05 20:03:11,2025-06-23 03:42:21,,"-Downloaded pictures don't have their own folder, are instead dumped into the pictures folder. -Gives an error when posting (image posts, don't know about text or video ones) -Downvotes don't seem to work for some reason? Thank devs for custom themes","fix: piefed image upload, edit comment crash nan",https://github.com/aeharding/voyager/pull/2053,aeharding,0,medium
8,3,2d18eced-0f51-4fd5-84b3-2e1e42b28372,PR_kwDOJuLXw86R33ej,0.40771836042404175,2024-08-05 20:03:11,2025-04-09 02:50:26,,"-Downloaded pictures don't have their own folder, are instead dumped into the pictures folder. -Gives an error when posting (image posts, don't know about text or video ones) -Downvotes don't seem to work for some reason? Thank devs for custom themes",fix: download imgur gifv crash nan,https://github.com/aeharding/voyager/pull/1948,aeharding,0,medium
11,1,337671a7-0e1c-4b32-aecb-3f25cafd237d,PR_kwDOJuLXw85lBCdI,0.3359779715538025,2024-01-16 00:48:06,2024-01-25 02:50:34,,Not a bad app but I find the design a bit messy and the gesture system awkward to work with compared to other apps where the most used buttons are conceniently placed for one-handed use.,Optimize gestures nan,https://github.com/aeharding/voyager/pull/1184,aeharding,0,high
12,2,337671a7-0e1c-4b32-aecb-3f25cafd237d,PR_kwDOJuLXw85vu96y,0.33263975381851196,2024-01-16 00:48:06,2024-05-17 01:47:18,,Not a bad app but I find the design a bit messy and the gesture system awkward to work with compared to other apps where the most used buttons are conceniently placed for one-handed use.,"Add swipe to unsubscribe, unfavorite Resolves #1482 issue_#1482: Unsubscribe gesture for Communities screen [Is your feature request related to a problem? Please describe.] I frequently start using Voyager from the Communities screen. Periodically reviewing the subscribed communities, sometimes I want to unsubscribe from one, or otherwise want to remove it from the list because of a lack of activity on it. Unsubscribing currently requires tapping on a community, then the ""..."" pea button, and finally Unsubscribe. [Describe the solution you'd like] Suggest a ""swipe left"" gesture on a community to offer an unsubscribe option. I believe this could be an Apollo Parity feature. My memory is getting fuzzy. [Describe alternatives you've considered] A Long Press option could be a suitable alternative. [Additional context] Currently using Voyager 2.9.1 on iOS 17.4.1. Thanks for reading, and keep up the great work!",https://github.com/aeharding/voyager/pull/1484,aeharding,0,medium
13,1,3479d329-83f7-486f-ae6a-78daee9d6923,PR_kwDOJuLXw85n2_Cx,0.25667431950569153,2023-08-22 13:20:10,2024-02-26 02:29:25,,Needs the ability to download pics to a specific user selected folder,Add share/save/copy image from markdown image preview Resolves #1090 issue_#1090: Save/share options from non-post media viewer The media viewer doesn't provide save/share image options when not a post. It should have options. https://lemmy.world/post/9587046,https://github.com/aeharding/voyager/pull/1262,aeharding,0,medium
14,1,613d749e-ef70-4a48-bfc1-003edd370ad0,PR_kwDOJuLXw85rO9XK,0.3932737112045288,2023-12-02 13:00:30,2024-03-30 19:59:12,,"Good app, but I pretty consistently have issues logging in. It says there are ""connection issues"" despite not having internet issues. I can log into a browser app just fine. Once logged in, the app is great.",Fix login sometimes failing nan,https://github.com/aeharding/voyager/pull/1385,aeharding,0,high
15,2,613d749e-ef70-4a48-bfc1-003edd370ad0,PR_kwDOJuLXw86B41fJ,0.4927617013454437,2023-12-02 13:00:30,2024-11-14 08:40:06,,"Good app, but I pretty consistently have issues logging in. It says there are ""connection issues"" despite not having internet issues. I can log into a browser app just fine. Once logged in, the app is great.",fix: workaround for user login breaking app routing in certain cases nan,https://github.com/aeharding/voyager/pull/1718,aeharding,0,medium
16,3,613d749e-ef70-4a48-bfc1-003edd370ad0,PR_kwDOJuLXw85kBCWg,0.36042138934135437,2023-12-02 13:00:30,2024-01-14 05:03:27,,"Good app, but I pretty consistently have issues logging in. It says there are ""connection issues"" despite not having internet issues. I can log into a browser app just fine. Once logged in, the app is great.","Add sign up, refactor login flow This is quite similar to Mastodon's approach to sign up and log in. TODO",https://github.com/aeharding/voyager/pull/1158,aeharding,0,medium
17,1,63c9ec41-e908-4ea4-a6c5-5569c5293404,PR_kwDOJuLXw85eClRY,0.5052738189697266,2023-08-13 15:43:12,2023-10-29 03:35:22,,Heavenly good. Thsi morning I'm seeing a bug that in the sidebar i couldn't see the communities i subscribe to. Only the favourites.,"Add modded communities list, add moderator feed Resolves #600 issue_#600: Add Moderated Communities section in Communities list It would be nice if the communities I moderate showed up before the subscribed community list, making them easier to get to.",https://github.com/aeharding/voyager/pull/859,aeharding,0,medium
18,2,63c9ec41-e908-4ea4-a6c5-5569c5293404,PR_kwDOJuLXw85rXjoU,0.4774185121059418,2023-08-13 15:43:12,2024-04-01 22:45:43,,Heavenly good. Thsi morning I'm seeing a bug that in the sidebar i couldn't see the communities i subscribe to. Only the favourites.,Rank favorited/modded communities above other community quick switcher results nan,https://github.com/aeharding/voyager/pull/1386,aeharding,0,medium
19,1,6c5b77d9-ceac-4018-bbaa-4a8298855ce3,PR_kwDOJuLXw85t7FZ8,0.35538220405578613,2023-08-07 23:28:29,2024-04-28 04:03:15,,"Quite a good app for Lemmy, which is a good alternative of Reddit. The interface looks quite a bit like iOS. However, there aren't so many features in this app. One good thing is that there are no ads at all, and the overall experience is good. There isn't as much customizability as some other apps for Lemmy.","Add vote theme (options: lemmy, reddit) nan",https://github.com/aeharding/voyager/pull/1440,aeharding,0,high
20,1,76a6f70c-6186-4e5e-92ae-1855fccd8e0a,PR_kwDOJuLXw86b9ob0,0.34752362966537476,2025-02-10 21:08:44,2025-06-25 02:10:27,,"Great until a bubble with a 1 appeared over my settings icon. It won't go away, there's no indication whatsoever what it's there for, incredibly poor design, not too mention it's completely damn pointless nagging rubbish even if it was clear what it was for. I don't ever need a notification bubble on my settings button. Sort yourself out.",feat: edit indicator only shows after 5 minutes This matches the new lemmy-ui behavior,https://github.com/aeharding/voyager/pull/2061,aeharding,0,medium
21,1,775dabef-6ba2-4cb1-ac43-2e787e331651,PR_kwDOJuLXw85tHD8I,0.3005833625793457,2023-08-19 01:28:40,2024-04-18 23:56:49,,"Fantastic app, great design, updated a lot and very customizable","Add backup/restore settings Resolves #366 issue_#366: Export/import settings to facilitate new installation If the app needs to be removed and installed again or if the app is used on a new device, a user might want to restore the settings of the original installation. For example the appearance setting such as post size or light/dark mode. If such settings can be exported and imported, it's easier for users to install the app again and restore their preferences.",https://github.com/aeharding/voyager/pull/1422,aeharding,0,high
22,1,7ac1e759-4851-4fda-b1fb-0df158a0b95e,PR_kwDOJuLXw85mUUIX,0.32700979709625244,2023-09-14 23:40:56,2024-02-07 23:19:20,,"Really enjoying this app so far, but question about function: sometimes I accidentally hit the back button an extra time and lose my place in my feed. Is there a way to return to it without having to start over?","Fix feed scrolling to top when tapping webview status bar Resolves #1082 issue_#1082: iOS webview and tap to scrolltop [Describe the bug] When you open a post in a webview, if you tap the top of the screen and the browser is already scrolled up, the posts list behind the webview is scrolled to the top. When you return to the posts list, you are now at the top of the list and lost your previous post position. It often happends to me by mistake on iPad when trying to tap the ""done"" button and tapping too high. [To Reproduce] It's easier to reproduce on an iPad as the top bar has easier access [Expected behavior] The scrolltop function of the webview should not affect the posts list behind. [Device:]",https://github.com/aeharding/voyager/pull/1222,aeharding,0,high
23,1,83969e5d-d773-4226-a61e-0ecb21132a28,PR_kwDOJuLXw85fEGiB,0.4443477392196655,2023-08-11 23:17:32,2023-11-09 18:21:21,,Please add a donate button to the app and make it link to the Google wallet. This app is fantastic and I want to chip in. Thanks.,Add cordova-plugin-purchase This will be used for in-app tips,https://github.com/aeharding/voyager/pull/913,aeharding,0,high
24,2,83969e5d-d773-4226-a61e-0ecb21132a28,PR_kwDOJuLXw85fGZcK,0.41830316185951233,2023-08-11 23:17:32,2023-11-10 04:28:08,,Please add a donate button to the app and make it link to the Google wallet. This app is fantastic and I want to chip in. Thanks.,Add in-app purchases for tips nan,https://github.com/aeharding/voyager/pull/918,aeharding,0,high
25,1,87a4710b-2187-44f8-8ad4-49da9a60db0f,PR_kwDOJuLXw850mXZF,0.3975523114204407,2024-06-01 01:26:25,2024-07-06 23:38:44,,"Love the app. But there are a few things missing: Custom Theme colors. Presets are nice, but I wanna set my own color codes. And auto-hiding of static UI when scolling down.","Add sunset theme Resolves #1474 issue_#1474: Sunset theme [Is your feature request related to a problem? Please describe.] Nope, just a low priority feature request. [Describe the solution you'd like] A theme using the relaxing sunset colors of purples and oranges. [Describe alternatives you've considered] Using other themes. [Additional context] A light sunset theme and a dark one could be fun. Thanks!!",https://github.com/aeharding/voyager/pull/1528,aeharding,0,medium
26,2,87a4710b-2187-44f8-8ad4-49da9a60db0f,PR_kwDOJuLXw853VqV1,0.34352952241897583,2024-06-01 01:26:25,2024-08-03 16:56:53,,"Love the app. But there are a few things missing: Custom Theme colors. Presets are nice, but I wanna set my own color codes. And auto-hiding of static UI when scolling down.",Add Outrun theme nan,https://github.com/aeharding/voyager/pull/1551,aeharding,0,medium
27,1,9560be51-e515-4535-b884-0d782f992505,PR_kwDOJuLXw86SA6qB,0.2850176990032196,2025-04-01 21:49:36,2025-04-09 22:49:19,,"Beautifully designed, a pleasure to use. Had to turn on the Android mode because the app has iOS design by default (the mode works well even though its still beta).",fix: misc android styling cleanup nan,https://github.com/aeharding/voyager/pull/1952,aeharding,0,high
28,2,9560be51-e515-4535-b884-0d782f992505,PR_kwDOJuLXw86R34IA,0.2806140184402466,2025-04-01 21:49:36,2025-04-09 02:53:32,,"Beautifully designed, a pleasure to use. Had to turn on the Android mode because the app has iOS design by default (the mode works well even though its still beta).",fix: android theme inset lists and inputs style nan,https://github.com/aeharding/voyager/pull/1949,aeharding,0,high
29,1,95876ba7-817f-4e22-ad68-527fb4af4498,PR_kwDOJuLXw86BaOfr,0.4904114007949829,2024-08-18 17:52:10,2024-11-09 19:06:14,,The list of posts you upvoted doesn't work properly on Lemmy.ml,"(chore) Upgrade lemmy-js-client Related: #1683 issue_#1683: Lemmy v0.20.0 enable_downvotes changes Lemmy v0.20.0 is revamping downvote/upvote enabling. So, we will have to update voyager/src/features/auth/siteSlice.ts Line 58 in 819ae45 This issue is tracking that work :)",https://github.com/aeharding/voyager/pull/1684,aeharding,0,medium
31,1,970cf1ff-fca9-4dbd-9572-bbf1531bae12,PR_kwDOJuLXw86QtLRh,0.32651615142822266,2024-10-13 05:51:15,2025-03-30 22:23:58,,Utter trash of an app. Can't even create an account.,fix: android back button in login/signup and new post dialogs nan,https://github.com/aeharding/voyager/pull/1925,aeharding,0,high
32,2,970cf1ff-fca9-4dbd-9572-bbf1531bae12,PR_kwDOJuLXw86B41fJ,0.32513490319252014,2024-10-13 05:51:15,2024-11-14 08:40:06,,Utter trash of an app. Can't even create an account.,fix: workaround for user login breaking app routing in certain cases nan,https://github.com/aeharding/voyager/pull/1718,aeharding,0,medium
33,3,970cf1ff-fca9-4dbd-9572-bbf1531bae12,PR_kwDOJuLXw86ObixH,0.4167134761810303,2024-10-13 05:51:15,2025-03-13 01:57:13,,Utter trash of an app. Can't even create an account.,feat: native app user agent This is a hotfix for lemmy.ml blocking some apps,https://github.com/aeharding/voyager/pull/1889,aeharding,0,medium
34,1,a0b7109b-14c3-4a33-9273-92d285ce0760,PR_kwDOJuLXw86b_FUE,0.27994564175605774,2024-09-04 08:28:12,2025-06-25 05:28:10,,"What am I doing wrong why do I keep getting loging details are incorrect after verifying email. Im using the correct email and pw i created the account with, help",fix(piefed): login fails zod validation nan,https://github.com/aeharding/voyager/pull/2062,aeharding,0,high
35,1,a54ae4ce-76f3-4bc4-b24d-c3d488742dab,PR_kwDOJuLXw86cyKHN,0.4757084846496582,2024-08-11 20:44:27,2025-06-30 23:13:04,,"Great app for a feed, harder to find and browse communities. It feels like some of the sorting methods don't work like sort communities by most comments. Also on Android 9 at least, it's not an app I can quick-switch to, nor does it register that it's running, which is weird.",fix: remember community sort not remembered on first comments load nan,https://github.com/aeharding/voyager/pull/2078,aeharding,0,high
36,2,a54ae4ce-76f3-4bc4-b24d-c3d488742dab,PR_kwDOJuLXw86ftYl5,0.46241098642349243,2024-08-11 20:44:27,2025-07-20 01:07:18,,"Great app for a feed, harder to find and browse communities. It feels like some of the sorting methods don't work like sort communities by most comments. Also on Android 9 at least, it's not an app I can quick-switch to, nor does it register that it's running, which is weird.",fix: remember community sort not working on first load nan,https://github.com/aeharding/voyager/pull/2112,aeharding,0,high
37,1,ae4290ba-769e-40bf-8dc9-0d8d09d90193,PR_kwDOJuLXw86EHaRr,0.5022823810577393,2024-01-14 11:59:26,2024-12-05 02:17:32,,"Seems like a great app, but scrolling could be smoother",feat: refresh communities list Also optimized virtual scrolling,https://github.com/aeharding/voyager/pull/1766,aeharding,0,high
38,2,ae4290ba-769e-40bf-8dc9-0d8d09d90193,PR_kwDOJuLXw853yHCC,0.37992987036705017,2024-01-14 11:59:26,2024-08-08 03:13:45,,"Seems like a great app, but scrolling could be smoother","Fix DM page glitchy scroll, add virtual list nan",https://github.com/aeharding/voyager/pull/1560,aeharding,0,high
39,3,ae4290ba-769e-40bf-8dc9-0d8d09d90193,PR_kwDOJuLXw85t5j0H,0.362595796585083,2024-01-14 11:59:26,2024-04-27 04:21:19,,"Seems like a great app, but scrolling could be smoother",Fix subtle glitching on scroll to comment nan,https://github.com/aeharding/voyager/pull/1439,aeharding,0,high
40,1,b6b40daa-e796-4d86-bed7-b331b5766aa1,PR_kwDOJuLXw85lBCdI,0.4698900580406189,2023-10-23 09:21:18,2024-01-25 02:50:34,,I'm a RedReader user so I particularly love the customizable swipe gestures. Looking forward to a more polished Android theme!,Optimize gestures nan,https://github.com/aeharding/voyager/pull/1184,aeharding,0,high
41,2,b6b40daa-e796-4d86-bed7-b331b5766aa1,PR_kwDOJuLXw85ggbpX,0.4451007843017578,2023-10-23 09:21:18,2023-11-28 03:27:39,,I'm a RedReader user so I particularly love the customizable swipe gestures. Looking forward to a more polished Android theme!,Improve performance for page change and swipe back nan,https://github.com/aeharding/voyager/pull/980,aeharding,0,medium
42,3,b6b40daa-e796-4d86-bed7-b331b5766aa1,PR_kwDOJuLXw85fGXNm,0.39944761991500854,2023-10-23 09:21:18,2023-11-10 04:19:47,,I'm a RedReader user so I particularly love the customizable swipe gestures. Looking forward to a more polished Android theme!,"Add gesture settings icon, misc settings tweaks nan",https://github.com/aeharding/voyager/pull/916,aeharding,0,high
43,1,b78695d8-426a-45f2-94fd-2d1b459a21f8,PR_kwDOJuLXw86b_FUE,0.35637909173965454,2025-01-17 14:32:37,2025-06-25 05:28:10,,"I had to uninstall to be able to verify my account and then when 7 tried to log in, I just get a connection error, but works fine on the website in my browser",fix(piefed): login fails zod validation nan,https://github.com/aeharding/voyager/pull/2062,aeharding,0,medium
44,2,b78695d8-426a-45f2-94fd-2d1b459a21f8,PR_kwDOJuLXw86btfRb,0.352481484413147,2025-01-17 14:32:37,2025-06-23 18:03:20,,"I had to uninstall to be able to verify my account and then when 7 tried to log in, I just get a connection error, but works fine on the website in my browser","fix(piefed): native android connection issues, first login infinite spinner nan",https://github.com/aeharding/voyager/pull/2054,aeharding,0,high
45,1,c7263e59-30fa-4c17-8170-f746243a8dbf,PR_kwDOJuLXw86GHZ4Z,0.34747517108917236,2024-11-27 11:52:52,2024-12-23 20:45:30,,Next to no customization options. Don't like the default view? Too bad,"feat: setting to hide accessible captions resolves #1784 issue_#1784: Hide image text [Is your feature request related to a problem? Please describe.] When viewing images, there's an auto-generated(?) text description at the bottom of the image. This obscures part of the image. This can be quite distracting. As a user, I'd like the option to disable this feature. [Describe the solution you'd like] I'd like to see a settings toggle to disable this text. [Describe alternatives you've considered] Viewing the image externally is an option, but I'd prefer to stay within the app. [Additional context]",https://github.com/aeharding/voyager/pull/1792,aeharding,0,medium
46,2,c7263e59-30fa-4c17-8170-f746243a8dbf,PR_kwDOJuLXw86TPUaQ,0.30050307512283325,2024-11-27 11:52:52,2025-04-20 23:12:01,,Next to no customization options. Don't like the default view? Too bad,"feat: two-column layout Still need to add setting, opt-in for now. Resolves #735 issue_#735: Two Column Mode for iPad and Desktop Christian was working on a 2 column mode for iPad and has shared some mockups on Mastodon. It looks good and seems like a good idea to implement it in our app",https://github.com/aeharding/voyager/pull/1983,aeharding,0,high
47,3,c7263e59-30fa-4c17-8170-f746243a8dbf,PR_kwDOJuLXw86IQYQr,0.29925963282585144,2024-11-27 11:52:52,2025-01-19 02:38:34,,Next to no customization options. Don't like the default view? Too bad,"feat: never show read setting resolves #1812 issue_#1812: Voyager no longer respects Lemmy instance setting of ""Show Read Posts"" [Describe the bug] Hello, Voyager used to respect the setting of ""show read posts"" on the Lemmy instance. I kept this setting turned off on the instance and then posts I liked automatically didn't show up in Voyager. For the last couple months, this is no longer the case. I now have to constantly press the ""hide read posts"" button in the Voyager UI to accomplish the same (and it doesn't work very well). Can we please again allow Voyager to respect this option or bring the option into the Voyager UI? [To Reproduce] Steps to reproduce the behavior: [Expected behavior] Items to auto hide when voted on",https://github.com/aeharding/voyager/pull/1816,aeharding,0,high
48,1,c83d6fdf-20a0-495c-9b8c-df4f264fed28,PR_kwDOJuLXw85dEO1R,0.4151317775249481,2023-08-20 07:11:46,2023-10-17 21:44:47,,Can't download images... Wha,Fix android crash on saving/copying images Resolves #714,https://github.com/aeharding/voyager/pull/793,aeharding,0,high
49,1,cb93fd67-c309-40e1-8436-a116e7a7c466,PR_kwDOJuLXw85fGXNm,0.4097924828529358,2023-11-01 13:29:35,2023-11-10 04:19:47,,Gesture features and no advertising?! You guys are truly the embodiment of the fediverse. Thank you!,"Add gesture settings icon, misc settings tweaks nan",https://github.com/aeharding/voyager/pull/916,aeharding,0,high
50,2,cb93fd67-c309-40e1-8436-a116e7a7c466,PR_kwDOJuLXw85lBCdI,0.3889622092247009,2023-11-01 13:29:35,2024-01-25 02:50:34,,Gesture features and no advertising?! You guys are truly the embodiment of the fediverse. Thank you!,Optimize gestures nan,https://github.com/aeharding/voyager/pull/1184,aeharding,0,high
51,3,cb93fd67-c309-40e1-8436-a116e7a7c466,PR_kwDOJuLXw85vu96y,0.3654080629348755,2023-11-01 13:29:35,2024-05-17 01:47:18,,Gesture features and no advertising?! You guys are truly the embodiment of the fediverse. Thank you!,"Add swipe to unsubscribe, unfavorite Resolves #1482 issue_#1482: Unsubscribe gesture for Communities screen [Is your feature request related to a problem? Please describe.] I frequently start using Voyager from the Communities screen. Periodically reviewing the subscribed communities, sometimes I want to unsubscribe from one, or otherwise want to remove it from the list because of a lack of activity on it. Unsubscribing currently requires tapping on a community, then the ""..."" pea button, and finally Unsubscribe. [Describe the solution you'd like] Suggest a ""swipe left"" gesture on a community to offer an unsubscribe option. I believe this could be an Apollo Parity feature. My memory is getting fuzzy. [Describe alternatives you've considered] A Long Press option could be a suitable alternative. [Additional context] Currently using Voyager 2.9.1 on iOS 17.4.1. Thanks for reading, and keep up the great work!",https://github.com/aeharding/voyager/pull/1484,aeharding,0,high
52,4,cb93fd67-c309-40e1-8436-a116e7a7c466,PR_kwDOJuLXw853yXAy,0.3124241232872009,2023-11-01 13:29:35,2024-08-08 04:42:59,,Gesture features and no advertising?! You guys are truly the embodiment of the fediverse. Thank you!,"Add DM inbox item swipe gestures, add full size DM editor option Resolves #1327 Resolves #1219 issue_#1327: Feature parity between comment editing and private message text entries [Is your feature request related to a problem? Please describe.] Currently there is only a text entry while writing private messages and no way to upload image or preview a message. [Describe the solution you'd like] Make private message text entry equal in features with comment entry [Describe alternatives you've considered] I filled it because I can't send an image to a bot via private messages. So ability to attach images would be already very good. [Additional context] comments versus private messages issue_#1219: Can't swipe to mark messages as read [Describe the bug] When viewing a new direct message in the inbox (all) section its impossible to swipe to mark as read [To Reproduce] Steps to reproduce the behavior: [Expected behavior] Its expected you to be able to mark the direct message as read like you do for replies.",https://github.com/aeharding/voyager/pull/1561,aeharding,0,high
53,1,e091668f-013e-4203-91a6-a935f9596fd2,PR_kwDOJuLXw85rojbN,0.45809197425842285,2023-09-11 06:14:03,2024-04-04 00:03:32,,Apert from CLS Content Layout Shift and erratic scroll speed after viewing an image full screen I like it,Fix scroll up on post content toggle on single thread view nan,https://github.com/aeharding/voyager/pull/1387,aeharding,0,medium
54,2,e091668f-013e-4203-91a6-a935f9596fd2,PR_kwDOJuLXw85eCL-3,0.4401782751083374,2023-09-11 06:14:03,2023-10-28 18:40:38,,Apert from CLS Content Layout Shift and erratic scroll speed after viewing an image full screen I like it,"Fix scroll up on settings page, inbox nan",https://github.com/aeharding/voyager/pull/855,aeharding,0,medium
55,3,e091668f-013e-4203-91a6-a935f9596fd2,PR_kwDOJuLXw85oqbEY,0.4328831136226654,2023-09-11 06:14:03,2024-03-05 03:10:04,,Apert from CLS Content Layout Shift and erratic scroll speed after viewing an image full screen I like it,Fix drag scrollbar triggering long press nan,https://github.com/aeharding/voyager/pull/1283,aeharding,0,medium
56,1,e0cf5738-e035-4e44-977b-8eceb2c2c3ce,PR_kwDOJuLXw86dkVUf,0.42290833592414856,2024-07-17 05:17:32,2025-07-05 16:31:46,,Very good in almost every way but despite having the problem instances in my block list they still regularly appear,"fix(piefed): block users list Resolves #2085 issue_#2085: PieFed blocked users shown incorrectly [Describe the bug] Under Settings > Filters & Blocks > Blocked Users Blocked users are shown with my own profile name, instead of actual blocked users. Tested via https://vger.app and the iOS app version 2.37.2",https://github.com/aeharding/voyager/pull/2092,aeharding,0,high
57,2,e0cf5738-e035-4e44-977b-8eceb2c2c3ce,PR_kwDOJuLXw859pwpv,0.34139353036880493,2024-07-17 05:17:32,2024-10-04 18:01:25,,Very good in almost every way but despite having the problem instances in my block list they still regularly appear,Fix block crash with v0.19 nan,https://github.com/aeharding/voyager/pull/1615,aeharding,0,medium
58,1,e2af3e87-f6e1-4fa6-a955-d9de71448d74,PR_kwDOJuLXw85dsQwl,0.41052886843681335,2023-08-27 02:15:35,2023-10-24 22:57:12,,This app actually is pretty good. So far seems to get about as much out of Lemmy as possible. Features are all there. The only problem I am having is getting to the comments. It might take 3 or 4 tries tapping and backing up to get to the comments. Most times it goes to the community instead. Let me know if I'm doing something wrong. You're doing great so far.,"Add URL searching, refactor linking, fix crash Related #608 issue_#608: Add support for opening Lemmy URLs Hoping for easier ways to use Voyager to open Lemmy URLs (from outside the app). I'm sure contributors are already thinking about this, but I didn't see this captured in an existing open/closed issue. Use cases: As of 1.4.0, I believe the best workflow is to use the (pretty great) search feature and use terms that appear in tht desired post. I am primarily using the iOS app now, so some of these are iOS-centric, but I'm sure some are valid for PWA and Android. This is an attempt at an somewhat exhaustive list of potential implementations (inspired by this Reddit post that helped refresh my memory). I imagine that some of these are trickier than others because Lemmy URLs aren't all from a single domain. I am no developer, so the compatibility column is my best guess. All of these describe what to do with a Lemmy post URL: I am happy to split this up into component issues if that's preferred over this monolithic one ðŸ™‚. Keep up the great work. I read every release notes entry. The pace of development is exciting to watch.",https://github.com/aeharding/voyager/pull/829,aeharding,0,medium
59,1,e5612467-722c-4308-b78c-6c2099b14ed8,PR_kwDOJuLXw85guUOt,0.3564375042915344,2023-08-05 03:05:16,2023-11-29 23:22:18,,"Good start but needs an option to download media and an exit button , slightly laggy, and back button still don't work for me",Fix android crash on saving/copying/sharing media nan,https://github.com/aeharding/voyager/pull/988,aeharding,0,medium
60,2,e5612467-722c-4308-b78c-6c2099b14ed8,PR_kwDOJuLXw85X1EV_,0.3427395224571228,2023-08-05 03:05:16,2023-08-13 23:13:54,,"Good start but needs an option to download media and an exit button , slightly laggy, and back button still don't work for me",Add copy/save media support for Android 9 nan,https://github.com/aeharding/voyager/pull/657,aeharding,0,high
62,1,ec566ea4-7a12-427f-a284-cfdc53374e5e,PR_kwDOJuLXw86J8MK4,0.4240179657936096,2024-04-08 04:34:59,2025-02-04 05:58:09,,"This app has a lot of strong features, but it sure crashes a lot!","fix: crash when sharing from ipad Resolves #1842 issue_#1842: App crash when clicking Share [Describe the bug] When I tap the ""..."" button on a post in my feed and click ""Share"", or when I view a post and click the Share button, the app immediately crashes [To Reproduce] Steps to reproduce the behavior: Method 1: Method 2: [Expected behavior] The application should open the Share control. [Additional context] When encountering content that Voyager is unable to display (""failed to load media ðŸ˜¢"" - sometimes encountered with posts referencing external sites that block 3rd party linking), I've been using the Link button to open in my default browser and navigate my way to the video/picture from there. With the removal of the Link button and with Share button broken, I cannot access this content.",https://github.com/aeharding/voyager/pull/1843,aeharding,0,high
63,2,ec566ea4-7a12-427f-a284-cfdc53374e5e,PR_kwDOJuLXw86JBSQB,0.42132216691970825,2024-04-08 04:34:59,2025-01-26 21:20:45,,"This app has a lot of strong features, but it sure crashes a lot!",fix: auto refresh app on db crash nan,https://github.com/aeharding/voyager/pull/1829,aeharding,0,high
64,3,ec566ea4-7a12-427f-a284-cfdc53374e5e,PR_kwDOJuLXw85ukbdx,0.3823229968547821,2024-04-08 04:34:59,2024-05-05 14:56:22,,"This app has a lot of strong features, but it sure crashes a lot!","Fix crash with unknown code language Resolves #1458 issue_#1458: Crash So, apparently for no reason, my Voyager app started crashing this morning whenever I touched the inbox icon. I tried with and without VPN, custom DNS, automatic DNS, Rethink enabled and disabled, and it just keeps crashing. I cleared data, un-installed and reinstalled, and it is still happening. Error: 7:1-22:4: Unknown language: May is not registered",https://github.com/aeharding/voyager/pull/1459,aeharding,0,high
